epoch,time,train/box_loss,train/cls_loss,train/dfl_loss,metrics/precision(B),metrics/recall(B),metrics/mAP50(B),metrics/mAP50-95(B),val/box_loss,val/cls_loss,val/dfl_loss,lr/pg0,lr/pg1,lr/pg2
1,2.79672,2.9638,6.58779,2.26436,0.00333,0.00893,0.00168,0.00084,2.97032,6.51629,2.54278,0,0,0
2,4.23928,3.30735,6.43397,2.19773,0,0,0,0,2.92891,6.54408,2.5249,1.9604e-05,1.9604e-05,1.9604e-05
3,5.22167,2.75039,6.51476,2.24221,0,0,0,0,2.88071,6.55601,2.50695,3.8416e-05,3.8416e-05,3.8416e-05
4,6.27481,3.18177,6.60474,2.30205,0,0,0,0,2.83979,6.56265,2.48483,5.6436e-05,5.6436e-05,5.6436e-05
5,7.21111,2.44111,6.68849,2.22222,0.00167,0.00446,0.00084,0.00025,2.81039,6.58042,2.47513,7.3664e-05,7.3664e-05,7.3664e-05
6,9.0188,3.10071,6.47844,2.27384,0.59281,0.72321,0.7111,0.65206,1.06166,2.2849,1.63219,9.01e-05,9.01e-05,9.01e-05
7,11.3816,2.11032,5.20454,1.81794,0.9109,0.9128,0.9715,0.86927,1.08692,1.58635,1.59991,0.000105744,0.000105744,0.000105744
8,13.8293,1.78297,3.40288,1.74635,0.86541,0.95982,0.96097,0.7182,2.272,2.91622,1.7406,0.000120596,0.000120596,0.000120596
9,16.6908,2.16116,2.02869,1.82293,0.86541,0.95982,0.96097,0.7182,2.272,2.91622,1.7406,0.000134656,0.000134656,0.000134656
10,21.5993,2.29416,2.16164,1.88722,0.86447,0.9375,0.94326,0.83637,1.22939,2.48458,1.61435,0.000147924,0.000147924,0.000147924
11,25.3649,1.67902,1.42101,1.72605,0.86447,0.9375,0.94326,0.83637,1.22939,2.48458,1.61435,0.0001604,0.0001604,0.0001604
12,28.0441,1.56269,1.40028,1.74682,0.87443,0.96429,0.97044,0.88805,0.83019,2.7874,1.56756,0.000172084,0.000172084,0.000172084
13,30.5085,1.61811,2.00755,1.68273,0.87443,0.96429,0.97044,0.88805,0.83019,2.7874,1.56756,0.000182976,0.000182976,0.000182976
14,33.442,2.43018,2.04689,1.7272,0.86575,0.99107,0.98216,0.90398,0.81989,2.66322,1.56714,0.000193076,0.000193076,0.000193076
15,35.9205,1.29155,1.28775,1.69986,0.86575,0.99107,0.98216,0.90398,0.81989,2.66322,1.56714,0.000202384,0.000202384,0.000202384
16,38.7681,1.2893,1.37345,1.75053,0.87299,0.99554,0.98896,0.90972,0.98132,3.16906,1.56929,0.0002109,0.0002109,0.0002109
17,41.1882,1.10052,1.20983,1.7407,0.87299,0.99554,0.98896,0.90972,0.98132,3.16906,1.56929,0.000218624,0.000218624,0.000218624
18,44.0921,1.29832,1.18338,1.6875,0.91357,0.98661,0.98742,0.90197,1.01166,2.92459,1.57139,0.000225556,0.000225556,0.000225556
19,46.5177,1.38713,1.23659,1.66563,0.91357,0.98661,0.98742,0.90197,1.01166,2.92459,1.57139,0.000231696,0.000231696,0.000231696
20,49.1939,1.55593,1.33149,1.66847,0.90179,0.98378,0.98388,0.91247,0.9203,2.43197,1.56555,0.000237044,0.000237044,0.000237044
21,53.3641,1.7729,1.06021,1.67254,0.90179,0.98378,0.98388,0.91247,0.9203,2.43197,1.56555,0.0002416,0.0002416,0.0002416
22,56.5765,1.72604,1.06544,1.69149,0.9365,0.92168,0.97338,0.86309,1.17941,2.35287,1.59765,0.000245364,0.000245364,0.000245364
23,59.7886,1.32324,1.09119,1.69155,0.9365,0.92168,0.97338,0.86309,1.17941,2.35287,1.59765,0.000248336,0.000248336,0.000248336
24,63.141,1.44186,1.17569,1.73801,0.9365,0.92168,0.97338,0.86309,1.17941,2.35287,1.59765,0.000250516,0.000250516,0.000250516
25,66.2968,1.87794,1.29873,1.69427,0.94275,0.92857,0.97637,0.90022,0.98368,1.76295,1.57909,0.000251904,0.000251904,0.000251904
26,69.1034,1.40887,1.1241,1.69087,0.94275,0.92857,0.97637,0.90022,0.98368,1.76295,1.57909,0.0002525,0.0002525,0.0002525
27,72.1868,1.39418,1.04869,1.68619,0.94275,0.92857,0.97637,0.90022,0.98368,1.76295,1.57909,0.000252304,0.000252304,0.000252304
28,75.2583,1.90435,1.25129,1.64926,0.96708,0.89732,0.98311,0.92034,0.86311,1.53013,1.57095,0.000251316,0.000251316,0.000251316
29,77.9272,1.26318,0.84255,1.66354,0.96708,0.89732,0.98311,0.92034,0.86311,1.53013,1.57095,0.000249536,0.000249536,0.000249536
30,80.8117,1.48633,0.97409,1.6301,0.96708,0.89732,0.98311,0.92034,0.86311,1.53013,1.57095,0.000246964,0.000246964,0.000246964
31,85.8702,1.19051,0.83857,1.66259,0.95582,0.96583,0.99107,0.93978,0.84025,1.46484,1.55699,0.0002436,0.0002436,0.0002436
32,88.6618,0.96447,0.74112,1.67112,0.95582,0.96583,0.99107,0.93978,0.84025,1.46484,1.55699,0.000239444,0.000239444,0.000239444
33,91.8087,1.28836,0.82385,1.6434,0.95582,0.96583,0.99107,0.93978,0.84025,1.46484,1.55699,0.000234496,0.000234496,0.000234496
34,95.0484,1.25103,0.94956,1.66455,0.96483,0.97978,0.99152,0.92896,0.8282,1.49236,1.55818,0.000228756,0.000228756,0.000228756
35,98.338,1.05431,0.77546,1.65929,0.96483,0.97978,0.99152,0.92896,0.8282,1.49236,1.55818,0.000222224,0.000222224,0.000222224
36,101.166,1.21588,0.77161,1.67511,0.96483,0.97978,0.99152,0.92896,0.8282,1.49236,1.55818,0.0002149,0.0002149,0.0002149
37,103.609,1.0218,0.8039,1.66466,0.96483,0.97978,0.99152,0.92896,0.8282,1.49236,1.55818,0.000206784,0.000206784,0.000206784
38,106.472,1.08346,0.78175,1.6625,0.95671,0.99107,0.99234,0.95944,0.6867,1.21991,1.54566,0.000197876,0.000197876,0.000197876
39,109.56,0.87854,0.67996,1.64005,0.95671,0.99107,0.99234,0.95944,0.6867,1.21991,1.54566,0.000188176,0.000188176,0.000188176
40,113.054,1.33165,0.80517,1.62882,0.95671,0.99107,0.99234,0.95944,0.6867,1.21991,1.54566,0.000177684,0.000177684,0.000177684
41,163.722,1.0091,1.04625,1.58538,0.95671,0.99107,0.99234,0.95944,0.6867,1.21991,1.54566,0.0001664,0.0001664,0.0001664
42,166.848,0.95515,1.0374,1.60197,0.9732,0.97253,0.99283,0.96341,0.64172,0.94681,1.54214,0.000154324,0.000154324,0.000154324
43,172.703,0.90204,0.80435,1.59279,0.9732,0.97253,0.99283,0.96341,0.64172,0.94681,1.54214,0.000141456,0.000141456,0.000141456
44,181.594,0.84115,0.8118,1.60718,0.9732,0.97253,0.99283,0.96341,0.64172,0.94681,1.54214,0.000127796,0.000127796,0.000127796
45,187.272,0.86254,0.82038,1.59095,0.9732,0.97253,0.99283,0.96341,0.64172,0.94681,1.54214,0.000113344,0.000113344,0.000113344
46,192.46,0.91548,0.88051,1.61478,0.9711,0.97321,0.99308,0.97207,0.58422,0.70786,1.54054,9.81e-05,9.81e-05,9.81e-05
47,199.762,0.8358,0.76614,1.6153,0.9711,0.97321,0.99308,0.97207,0.58422,0.70786,1.54054,8.2064e-05,8.2064e-05,8.2064e-05
48,205.35,0.90322,0.74234,1.58662,0.9711,0.97321,0.99308,0.97207,0.58422,0.70786,1.54054,6.5236e-05,6.5236e-05,6.5236e-05
49,210.413,0.95544,0.80655,1.5678,0.9711,0.97321,0.99308,0.97207,0.58422,0.70786,1.54054,4.7616e-05,4.7616e-05,4.7616e-05
50,215.811,0.9319,0.7602,1.56409,0.97337,0.97921,0.99316,0.97416,0.55838,0.61167,1.54134,2.9204e-05,2.9204e-05,2.9204e-05
